112CLokAZxVTqQsMk4A8L2TxfiWBEh8ejf,Remster
112RhmdYhEBu4ULELPJjbdMmwdzC6mBuen,Ffmad
1148pace7EQeEP79ZZnT5Xzopuko2z78vy,pace
123XqLhXsS45uVVR6PrBVFzQJgXCQp4JzM,purplehat.eth
124MynhosCqGVLYY7AameJoKw1u2cBVHAe,80sKurt Russell x Early Bird
125mFjPxwtN2LuYCdRxK2oJZUryqPV99gS,Uzgee
126VuKw3LTUWgmYx94TtSqfjiQooRdpva6,Zoe Davies
127ZEMDVomJYhv7vQjhXoSw44mfuukjHpW,metadad
12Bq1XhEkLh61kYzaPgi3W9bh6bYEyutDW,CrazyZapped
12C72gY3tw2CUqno3o8FaCk7vzk9Q4LUox,Dope
12e8GGJozV1bSA9NzQHyp2rosRVpa7gtS3,extremelydumb
12FHwYy4wKGVSvCQydki7MpMRdZwka7HcZ,Cana
12FRw5fchVtAV7eD5VCBxSmyJyW6bLeabu,YT
12gfmgV5D2ZgRSujoQRNzKJtibyqsUfbAw,Dany
12J9natNyet9xNzo7hTp1XuiDpCBri64nU,Dalton Double Deuce
12K8m2kRZNS65KEcYKdfCyhkZjS5nw2b2m,Coldie
12LEpGGUnt2hezVCX234QAXvYJxFSi5QF3,John Villar
12P8RoMuiKWfHrYYn3N3CJ6T7FNmxJNxL5,Nicolas Sierro
12PZBJ3q1VRhtiMwfguf33M8fdbvaZe85v,Nicholas
12qXkAEwwz4h6283zRFu5pPG2Q6g3Z3uLP,hariram
12RZWyEjRhtr7fPgdRqapkxDcdcdGupv28,animalspirits
12SaptWmMf9wRxBcJcNJdTzGKE1nbr1FX6,Jams
12TUAPykC7F6Nj5FM7q3PReepQgfGeNYgB,VSTRVL
12TVPcQeLaBuTAehLCgLxAFZYcQDoAQKBi,Sebar Mun-Eo
12VVpEWqMi6v9Ez4HnMwPfa7kHnNTocqzm,Vaporrick
12Wt13q6wMfQCyi8vQ1jfzPYg6hFDLWEjg,Scorch
12XsbZjZqbjkbuup14F7KAB2T64syEBQHn,METAVOXELZ
12ybVg8RWETRWZDZrxt4cXLvbLtMWptN6y,HAMMAD
12YgVnnHrWsusoNeLastpXsrfJWA5Vv9Ew,JohnDXB
12ZsbJjWycLFmhy8yhLoj1tG8VccrqwoUV,Finest Rares
135JmkcDQgUm2ygV7LwNcHGQNabbTRSsaZ,calboy99
135qDvhy3sMP7Kqi5yyomYBB37d1H2cr84,Doggfather.Crew
139WpBedSHCKnf359aXA2SLWWHQtkHXYh4,onetime
13aHtbXv8FmGaPF17rAZxP6uEoTVEAWr3W,Chainleft
13BgJp11izDdYoZgvH9FWCoydaA7CCUkW7,Mingie
13cUaJhmYWSxEuL5CQrhzJHk63ewzpjPgm,0xBrady
13CWLwwmHJpbaeoESskpbQKvhxunvRrhSY,Mortree
13d9whJX43T12DUwpFHCE91Yrf8f1h5H62,Exahash
13EHeJfp5XN8TP4wRoPso8mat3oaMLXw6f,OJB.NFT
13eJnHaD25Ti1rZ58f5ZNStxDDRyVLJ3R6,Aera One
13FQ3ZJVZbxw3qnhEwmNhkv4pnLAFfpZKt,FRENSIDE
13GMSYbfAdjtfa7QJAPAaRErQqBGTg3kDd,Aera One
13HHKVNFBrkfor66LPMbSfvDVNKvhPmSGH,Darky
13j9aWM7hAJCgpFq2uWPUtJ36ZiCX139DG,AdeKrypto
13jMkEXMqnHP2s9myo2F3ocEUGf3EenLnq,Noinah
13KJigqHZpHfzc28TDidRpeU3ofZVbVfBS,BIGTOX
13L4Jd92Mb8YwPCreEkjV422aWaZDVdkrQ,Trendstream
13MjaVFXNnJNE6XqfZfpWuMp3W6twjUpGc,Mekabu
13Mpz1EoP2wi1nGGwZt4kQ7hfxRmBRToKc,Cryptonati
13QEMF9SgKU9aC4TBhKvbZQbjHaRenUXMs,PNGtrashbin
13qqdg17DL98V9YD8BcrdkvUEMnKGsscfy,Maruware
13re7J5Y5a8nZZSp8o1a3sEUqGik4NMXhS,Davesta
13rvByHU9GPdmsK1BkDMQfEEyiSCkjJBVK,Pepe Hawking
13TjDyWFsQGsNXGxYKU5ewjTyYUMrFHvac,BBLEIZTZ
13uyeJrFoupqYJcR1RD5szvLF6DvJxirxo,T. Wade
13Vcdm4v8hXVNFr7siDKo8JxfH4ncJdKeW,Alth0tas and Regan
13VWaDuTcjGsuqqACyjPtgGzqRiyocEB5D,KIM K51
13WLXaki2tdQS2PAWBJAVhYvzQN1LrEAXb,Zeppik
13wuYubzsKiGHm6su5BJQ1PdWUitkJV3kE,MT
13XhZYidP7Pouvnqu7JCPwV9jw9jjEdTZp,Pav
13yZVg2fRRoBcc8Qn6ZZ5PD1j9PWArFYrH,Crypto Ali
13ZKfESWiztWa9cQLDRqw1mFKxy5K3VcUX,MrReier
143FcThemCxW7AAsjmL1GYvYMe1ur1ZgJW,SASHA CRUDO
143NmcDCKoNd6gvBCeV7rRyk59Z3Z1Cxwy,ToeyMari
144EH9d7ySvnuk9GB211trX2xYoHjqaFcU,Enrimer
144HfypzfqgAwf1KRJxBXDXQ9FyLPRY1XE,Michael Naples
145jMcvVvds39aAQh3Masp8s1VoVJbPG5x,JamesMcPickle
145otLiCPqXuYJjRyMcbwyqAtmprSbTQvP,Diana Scot
145wvcmy69HVGiKNcHtMPifDhHe8uF5A57,Stampy
147ePa7jsUo46rSTk6KSQGz6agu2iX7Rx8,DOGE-STYLE
147S7V1YGRqydNCqRRXSUsvoPMxwjMds6E,Kat Rose
14BNMiD493PpLSRzt5wAUrK4y74LsJdNrb,Art GarPUNKel
14Bw9HRLMDH9PTpUxF5JFDe96NtSBkheej,GOAT
14BwHmrpXwhpFvCgM67Qd2uoA19Sdp8gbQ,AndrewMaslov
14CKxRCrhZ3dhtsomJtjbXqQKb63qu7DBr,Bfm33211
14CtHz2ERrMqjMfZKxkoi1UV41srQetphK,MaXim_MxM
14cvk4p4LN2Lpn4AzkjUHDr7A2tKerMhzk,Carsonated
14d4MebjvmGS5SXUpW5sYFywEx3y8xXUn7,Tasha
14DaS9DqpakLaAnkSjkxj33F4u8tXcDkNM,CVD
14dj7PDKxjJMzrQdP6dE8nxSV8GcrkSubq,Tomopen
14EnqBDJMHF5QWrmwCYE7WvfinyZZGHo89,PiFu
14fDoUDKZ11REVuRxMSwKNvR36ToJ2UCM8,DCOT
14g9CcmUdWtrq71BtNR4uNuMBnnUjjeEA4,XCPinata
14gZero74D69jYoCgK6td9uP8QsnF2VTYi,Rito Rhymes
14Gzwjt62RZvfPWx7zpsPYVY9ciHxkJ5MG,40by25
14H6nfdZYoWvfqs7go2jq6CTdgzD1Ctmj8,eth69420
14JupHGEnzpCuEcSSbkTs5tRjRrtcVotfR,Little Cake Shoppe
14kGo5fm4WC6asYFFpxv6tsdVRmWmE2TDR,Hilman
14koLgVG3jqELxXsymMADbxWJpdWr6g9Jx,Hilman
14kpiJT2QDCAC4xPa8wfChGprTxuWayxzW,tom
14Ktbo9j34LN2spVzS4hp516gK5Ba5iGiN,Indelible and Ghostface Killah
14kti5DcSn23KJ9SQV1moLWnavSzzDKrFE,PopWonder
14mqf8TC6XWPFJjtYLQTSrm3jhbUt8CLoy,Michael Corn
14N6HBu7K7prg7trd3nZzZVGHvCr54MRm9,ARCHAIN NAIR
14n7MhcU99Jdw9ybH1mAUf7cDzEtzLTgnx,MONDAY MOTION
14odnBNhdnSn9ynBCqo8eQWea2rKy1TBxc,Asgardtek
14Q7MPb23WL8LjMks6mU8ELGW8WsEfYoLT,T. Wade
14QpKB5e5UeQGAdLh1LYjb1yFhJgFiEVQB,Wazzu
14R4kRhmdZw6jpcFRtb7kr2wQb2R994wsU,Coit
14SFqawEp8jSWqpHUXeSEEZtv8PL3Z13zM,0xDots
14sxc2ZaGcPC51hfYksSVmQm9YUt5HVkiK,NurstMembrane
14ThP9iW1RS6hidRicN6CC7bEDZHxspEru,H & Art Block
14v23G7vPA6AjYKBv2zqTz7zujpr3Yi1N7,Kwame
14VhF5JGExMn4qkN2RiMqNvCwpqmFvbQaz,Robenira
14Vr7RYAQeLkjU9okNQKfSre7s5V224Utt,YOTET
14XHHGxJyTHDe54CLvPqFSgxP2wJYm4Va7,Asgardtek
14xJqdZXuQycTutvqCB8ksq9HLwaSFKZgF,Jonny Johnsonson
14Xmx5oF5xZxw5hUMzGT4w1xAuxdihJX5f,NFT_LADY_007
14y4s8bsPjK71yXEjZSHcdSiShpiLUpEqa,Oneforall
14ydBuvhn9X7BC2jNgQghbiXQFZ6PTC9DG,Vaporrick
14zsKeWU1rd4a5d1Mvr9KcvytWwSbLFCZ5,Tizar Berandalan
14ZW6dDDbgn9vqqwYm9Ab87uaMZCbnFqL3,Bob Smith
151mQKo6KxoxTv9CRmdhvhVCUcD9k8eCMz,AIRAVATA
153cJ1S1MatxG5M1LbwNsZ2rfsSrW6hDGg,Saybua
1541WYMhRqXnNadZPr8LfuxURr24Nf99cF,DM Designs
155kE9fAsk6pJxU9TVV89UQSKC8WuwXY2S,NomNomDay
156Qz5ZmgxQcVh7cMzgpMDBkoX63i5uUyA,brgs
158wBjBt2jmD4m7gSUAoUo4krGmGg2dvp7,M.BTC
15A34TJCUiG7iQWQDdzqVavWQ7B5LQXCqn,CMYK
15Axz1QmKhg15yvmtokRAbX9QkQ7uKuWCa,Crimson Rider
15BGaEm6AFNvMZkR2MPkvHxNijmBAs5prS,FourLeafClover
15Bu6TLxWwuXoAP91EbVNTxQe3LKj8rYRk,Paolo Cremona
15bU9DSqo4TQAkaKGBwN5y2SvWMn2KCdnr,drazestan
15bVUNCaG38Jqm7eUEzTm1wZchiUjBStbA,bugchaser
15dMQ2nYt87phqgVkLRa2mvWK2akGmzRJU,Optimist
15DoBbDuaqSeyZUhSXtZ1q7D25V553kJ2C,Olipoe
15DSGbbcWHV8Xy17E9ZyEGW2nKsdRWwmNU,Yoni Terenzi
15dvfGHxX51FRvXaw3H32VfJeozSFMQAxX,Basqkek x HODLPIG
15EEsTWPyKdAMvWLDaWVKpbFynQnMwsXrQ,Voltaire
15EFF1BFgjvAQmGd8b3o5eUToRvycMB75a,DeGenX
15epxoNvy8BZx5xHB9cSXcuU47X6uCfYW2,Pepe_1337
15fajREgMpSgPsALPzRACwGghabFdzz5q2,Gong Hyena
15FPgnpZuNyZLVLsyB6UdFicsVvWFJXNve,Michael Naples
15HgwPfwNFCKJzgBHZf99EY6kW7ChKaqNU,Coasters
15hsviNmfwxzYSGNLh14NrPdMNh459fAUT,Boost
15JRKWFpigNAASKrhFo3Y6xkSVHgQidszG,coybs1878
15K61F9vRy6yuJNjFGqZAGBf4nYAzgKzjA,Cobelico
15LDmE1J2QCEDDnKt4Vd1pVVBfJbF4JmVM,jah
15LqbnDnYwbnEgKsKQCCj8viPHjUiG2LkS,FourLeafClover
15MASAHtgsMc2KdDKLFNXjuD4azWw3NWx5,Bitstradamus
15mTCCh4iKXnj3rvff7PK5BvXCbQroVtcY,Tristan 
15naLUUTLZPtUc6bVHfWMWeuqVBNPUA28C,JUKARA91
15oR4QKEuaB4HvY8bjvMaUxsPxvREydtGR,Harsha
15oszkbyZAvfPcqHw2L5LoQ4J3rD5vGvWD,ICQPEPE
15Pi6naYhS4GVL44V3vDZCeBsBZcwnm6QH,Zima Blue
15s9RRXfLcfgiRietPdkvQzA3w6RBkQ9VG,redone
15SamT7kLh32Jc82HrKBwSj9iezkVxACXE,Sketch x 80sKurt x Early Bird
15vCw1yUohFXvPTMANqA3tv7dAApbDTJ19,drazestan
15vhGyCq2oRh8Sv35bYqZuAaR9T4TuNxbL,robotlovecoffee
15vHMiUEPwReuVmwhD3PyA15mCSQQu6k3n,Chrome Void
15VyGfsAhVdz1W9pPbFonAJDM9abBdEg8m,dankchamp
15Wo2oz2ahdRe3M4D4stV5G4EaMDfyfC61,drazestan
15WpJCDrAvQ3cWcz4WHAEmXvUGeGvkHkfz,C3
15XMRfCCkGnm4eQ4r3iZTceMfw78L6MxHG,Tizar Berandalan
15xYGWfd93QMmVTeEkaQisHwLgm3otTciR,Fahfahs
15y2WG41aGNurUNUPev2sZPVnrTufTsrJS,barma
15ycYAVaq93RvKZC6J3tTFRZwTejLoetrH,Mr. HODLPIG
15yhCUWZ1MCKBbt59dSFZR6ddmDRzrmL3U,AIRAVATA
15yUUt9Chbjnsi4VQrhHXuEPm7yUA9zAZq,Pepe de medici
16263XTkTPTjR9TxigrP2UjPo5PsBKy9PA,_hasss_s
162L3vR7gkk8NgBruPk3kpbF2JQ6Pk9rjr,INA VARE
163r5G4EvnzQpp9pR77qhKaNV9jXbLWHeQ,ZeroG
165RSk13jh4hTaJCYj93GFS3c4nQdimRr9,Community Created
166dNSfbCSEpeiR2udKGG37jxUoenkET3o,PatriotsinProgress
167QWGzcCPh3HB53h4hatu9rCCi6Dx29PB,Zima Blue
1691c3ZYSNmJc3PJGnkex5fnFdsw34LH57,Looney
169xC2m4ZmQJKtQrrKU8KYFF8SL172kSJu,Ditacrypto and Winds_hit_heavy
16aZDCvD6w1x25qYNWDrXLUswEXiUU9ttr,Roger Fliporian
16cmge3n7mTSegyHLDNvDaDw8d5BHiHooA,Arash
16DkvTevZFN9ufwio2eu3RTQHd2sXi9LHj,EMBLEMATIX
16GRo5x4sxf5hQ1HzVUhCAfNEXWyBxhjXs,Looks Rare
16H8YToGPkBR9ZLrtCuzFHLGaEiTobptpG,APT4D
16HDMrvhscR9cJpXH6sfopmy9SymubZCEG,Matt Furie
16HKHDh6KWHLJg9JuAWn128Bt5MM1s33nv,MIKEYCORTEZ
16iAEfU9TVjBJGdEDitYGSHcYGTgd2QCiw,Pashchepa
16p2hGUnUoYtdttBHTkVhDUKBkDJuqjCck,The Mule
16PecdN3q7K5ucymiHwwGQzGetzd5R4x9N,Nymz
16qe8o8EjugUJCVTdD8mF3atPCfYZwSStB,Crypsi
16r46GqGYXNtn8NCqnw4uak75YKZeiAFVs,Tommy
16RJWbbQE16HSuarCX1wEgsmCtTbCN1uKt,CBSingh
16rMCSLWWaeXNvWzrvLCK2asWGbqsnW1Ai,Cliff
16t6KRdcgvi6T82ve8yuWxMf7NpDwVpuZE,Jukara
16wH1RGyLNDf5fzTCMHEvUW9UrDm2enz8p,NFT_LADY_007
16xG9NoSKAbMhbAgnwhMv2iDx8RY9cf87X,TKY
16XpFfdR2dWutpLuBD993kxNvWqArBpffs,Prateek Dhiman
16ybDQtk9sZab2pj6irB6KgRej9TjDirnv,Katerine Escobar
16yRstRXStVJJ1TN2S4DCWifyrCsetpma7,PEPE LE HUES
16zbEu6D3ix9iR1gzGseht2pG9PWqhp4k7,twistedgen
172gBtDk3WtWpspxTw9pALGbV7cvfB2Qc5,OKO
173XWGG2RpDkztoHCDwFPHqjVgWXtZdhU4,bluefarms
1755FLVc7BkQfRW841hV1XkeqnTw95SKsM,Abstract Mirror
176TgcR6wZA8oULcKbbyb88PtGZhB8Zrpw,Kat Rose
17BKmkxHopq5ECaG4ggg8362TwAwvjzoi4,Chaotic Crypto
17bWMRoqUgQSYUAsRp7R6dx5Gfk6e3rg4P,QueenPepe
17c1FF2xXQ2wojoSR2DXgvrKsqVVQwpCFa,Django Bits
17cDFN7mLmBM269KiJTDk4rQ2ViQpTBojc,RandyBrigs
17DCBsFCAWLCh9AVZLH9ewadtDZRN8LTpE,Dhanya Ajith 
17DGkABvPd64PmV9z9p5GBCUj4rxJfJUZX,Lalana
17E9EwboQoPmoixntQ9aDGrKricrhJRDNi,Gmarz
17etbJxoJExLYWHncCPDoasFQuhyjbkBdv,SIV
17fjf5kSD5d8qgSJKTvb17rRzzhth1qbiM,Boost
17gWS6ufAV9zfTzvQFe4a9FojJwacPhPNH,T. Wade
17hxupddtL5z3RusNNgUUmK1EQiCXUhe6z,Alex Green
17JhkbpVe4HfKj9oLqLww7zqvXAgJ6Qnwm,cc
17kETzkp9P7pNuUwJMXoNug3tRP6ghA4GR,DogeLiteOfDoge
17L41rcPuDryBLU3tgV6mGsHucn7wa5c1K,Unknown100929
17MqYfRkQd3TiQDQqka3fYguLsJcBhfraT,Tomocici
17p1QEyTUvXiz7pjjx5Wbd3xYWccK5CX1V,YAWZ
17PnWBjHkekZKQPVagmTR5HiD51pN8WHC8,Bunzy
17PPv7Wv3yZiRPNqtszFBfws9pNUTxmyT2,Zoku
17SDm5G4Z1oXSjJoeKkUWnnWVV89YzicAZ,AMEERA
17sFaau8KiyifmqkYJfQsVbQtMPQ1hR4rs,Bitstradamus
17tH7rFto4FzYnLPzFi4ofQT1tAk5WPWcw,totesmcgotes
17tS6Roe4E5kvYbuT1BBy4mcU3QLZnJh7i,FakePicasso
17Tzzk9YQSBZwq3arKSyejWmjHMamFZzSt,EXPLOSHIVA
17vvvVk7fua1J15DW9nRZDYXWR2VT34Bh1,theCeramist
17w9wi7kYPT51QcM9aQR5FxWgWPTYFmet4,Chaotic Crypto
17WUbM1YugZZiK7RuzeUiPsiPUyZfzHaba,Vibes and Stuff
182w7NuXtvMbiMvQe6KJhBfovJTmz9rXqq,Hafftka
183bxkkdVfHQYZuX3UpanLd5xPL2tGQqo8,Virtual Alaska
183kqceNg8nYFLuxQEHN9oj2XqY8F1CCBV,babalicious
184gKLQTtQU29LXbxbYJkUV4if9SmW6v2d,BuddhaAF
187ToQV2FDTLbgiFKr2mxBm29qzEDPuo6P,Bfm33211
188gkL7ZYcsoGShuv7VTFtZaG5RUcxcwhQ,BITWIZE
188sh399ZSRY87yVp51CCJwjHCcoRXdoCV,GrantYun
189WpBpXsHFtv3hpdwFJBgfD9JDiV92qiT,Desdotexe
18aBpsuFiA7NZzHgKRkvpDxtsHkHhAgrar,PrdArt
18b7eyatTwZ8mvSCXRRxjNjvr3DPwhh6bU,Al
18dHBKdPV93MbsFEtHGEUyD8aKhZ3sZBBJ,DanDarkPill
18e18Azc4yNx6rznvCZxYpRZYRaoFx9gTt,DeeKay
18fEWgeCJSg85XgS99BPCgDaG8XoKw9iPP,Indelible
18fXiDwiLAX2M3eUZqzRTcKvvAPiTTCiDK,Taakumi
18Hng7i8hdecRFFexoQZ9dkPh7FrshipHS,ICQPEPE
18igZKKQfqBbaMKwHLoVJskB2DbSoMHWe9,Lenny
18kwYMER21BiaVHEvCR1YpB1zrGC1GRz1w,Nova
18MDYqW9yMVPziUuyo2xQ3SG3twf5fjmp2,Red_Purdy
18mxQdLxcLstD6ttbHykvEoAYdu4eADtEf,Boost
18mZo2yRDey4rw8YJCMdrdvYt59zhSJcnG,FitzRoy x Arno
18N8UerD65Z6MapZBgp9C9ZYQHpqUR53eu,Saed
18NeUpEHzAquBcsncM5BGLR4VgaPXZhPp2,Vizique
18nfkgiq3PyFUyJwa2ZAgMYXJSXKPHHveB,Tall Greg Art
18PHGKzAcMDNVNie6kwDp2s6rkKM8RBcg2,Community Created
18qr9Jq6jsugZKkuaCRUMjPCHNcR3hYZ1Y,NeedMoney90
18uEHyQwTwXNtcoCUZEqu8nXyYZDW4x5i8,Emma
18VviA9zLXSrznRprFE4Ks6VH7hErHhyka,Yoni Terenzi
18WKso6qsm4UPCdKkUfbVoGAcQU3EnAtsU,Hosherama
18X2rXCsDqvzuwYwX2vZiEzWcYGWtL2svL,Boost
193J7RVEY2BgA5aKfL6BBAVSyiS1UyBRG6,LBB
194fZhv3kEwsHiq8QFVjrUzpGhr5nYqzVK,Rein
198shVWpayN9j1WStJW2er7uacueWWKaW,TheR3alNick
19cAKJtRtYDiq7JRrHV5keH9csc69ztyLr,Pepefam
19CpjRdP8HFpbeLfP7t9jTBp3559zXLQp8,MAB
19DWf98733gjJkrqFcBkndoqy2PKuA6PWD,CRYPTOPHOBIA
19EjnBzru1FWFkuu18L3qQSypF4i95t5vh,Shafiqah Bay
19eM8cgkqRQdyo4CBy7s5J1U31ano2Qp3,Memento
19EYHPDaVWBbczYXkgSa9EvBCdouB25SPf,Moxarra Gonzalez
19GZSQqhrA54i9dJXqewBsv3WXCXu8aXb6,YAWZ
19h2gvw3fBqQGyp4ZG5o5Z22UsTnipDG5A,Lun Kazuki
19HAtiVZwgACNiWanLuBePrCca3KgSYGYd,FRUGZ
19hBsTExCPDwVb42DhAt3DuZ5VQs3CBNg5,Dr. Greedy
19i4DZiNSNjWjF9f7zUhR1D9C7LYNSgfiC,McPizza88
19JExC5ehPSGYcuQef1Wc4MosVfRjxkfFg,olliesblog
19jS1Hd9FmZAN8f1e6uFkpW2SpD27MXbhG,Nay and Ry
19K1cecPv1wh1NyTw3Vzc2RQ1DVJkUkssC,cornetto
19K31aSum6dMhtqizmtJrFHFLrjekWyf5E,twistedgen
19LAMLV2bjbKdLtVmyASLrvxQc3FjNLpz4,mitchi
19pk9MdSiy3qWmKAJN7Vwxg2uGZBmq2cby,VIVALAVANDAL x ShowerShoes
19PkmwizYD7E7HL4w1c9eXqmJ71stV4AYm,Rare Scrilla
19QtngM8FXQjzCmy74XAPgrUFJGJZwZii8,SaudiBTC
19SH1QirvLgNcu8FjPFQhaepnHanA1w93w,"Fishbrain, Luifex, Viva La Vandal"
19TjFANYdx6ow6p8uS4uxR53G4fkirfeQ3,Iuri
19Tu7667p1eXhCZRJG1fHtU2toodarGHoD,Rarejay
19VmLoZxX9uvp6QkjwE6jKnSWdyR6Fr2kP,w1nz1
19Vr5mf4X9zXZsebCpaZH6d7aC1pBAgnoh,Cache money
19xPK9LbpxBSivPNNQD2Ka5Gt6brfkvuiC,aaaaaaaa
19XzwVk8VuUamAsxRijHn8C4wp9ohV1CsA,Rik Oostenbroek
19zDenjjeDrc79yXkgZUeNtBG6rvqsTzEo,Mandarinemarie
1A1ppYs3M4133Gw2TVpof1kYGDw6sAi21z,madethispepe
1A1tKmQ82H8YX45svak9NVHQn5PU4nTA3N,El Cholo Pepe
1A36UrLHxeg9ABoS4zPsRUegyCWTWER2kF,Pepe Hawking
1A4FU14sDQCvaxYuxBtvxPSAdDszho3Ypk,Boost
1A5SArHXcgFobF9gtUYBdE3GSKpaWhf38V,Helena Mizu
1A62aP7McxBpuSsypGtbVoGqPj6N6rNMyT,Boost
1A81YUA7KWFX3oWqXiQwJYQY9vZdiUDytD,StoneOfJordan
1A9qmw8qH2dR6MPSQvVFjw6DinNubc7AC1,mitchi
1AanCo9CJSomhUEy2YrhfXrU1PboBhFaBq,Chunraku
1AbDZxcL8PjPXr5b9bfX9wRnixxkNsAHZz,Viva La Vandal
1aD23azBTEtVuZGDPankVNuRxasCRhtrD,Dino x Rydes
1ADHyjCwXK1tfcYPpGfD53pABzXGE8Tdix,Asgardtek
1ADv1qGforMh3AMc7iX9wNv7fkaT1zELd5,FOSSA
1AdY3wkwGFcqJv3E3bxerMe4ca8y5XAfvV,uttermelon
1AE4vfkDX4S49kxsuCve7zJDS5s5RtHYNs,OE
1AFNig8ZJDfFpyDYJNhig8xCTLN495mKrD,PEEPS
1AfUZtmw2mw2nnSxwZkC6ch2JEpFNEp4hf,PEPES TOWN
1AFw2PWVJKbSCUsoTrUhV6wMyVwrszZLrA,Kowals
1AGzFzGpKsBoqL5ynQa5VThWPkzDBvmM8y,Chris Storm
1AJ8Vqxhut7tENggf3iSUTRaX4qqziPCKT,FakeBuddha
1AL87Z2u8uWymXsHeeTCEKyRHMojc9eana,Rawman
1ALQzkruExDJmrn39mmLKq5r7Fjijp9BCQ,Mayari
1AmJChMdxVVR67kqrbpUHu2huYEfU2Yqw4,Norman Comics
1AoAkpQo7p2jSAW5raa3MbUtXqvFq3SRvU,BB
1AofAjTJ3anBPxG3fK3AMKQv7VHF6bUfBC,Vexx
1APG9mcXQ8rtzNAcZrQnJF8VfVEPSfeoQk,Wes Henry
1ApT43FhkfLJUJq81pX2gfy279Y4WT7S4g,Jake Fried
1APu8Cp3rCJPYsPWw9G735sxnRCbcFFkq9,Art GarPUNKel
1ArKP3oiQNWQCXVEWJYpB1vQc5JjvWaX3J,Nikolina Petolas
1ARKZfZ5CbpUJjQyzzNkm6uGLcChDb1UU7,PiFu
1ARxw3VTGYSeANnRyC52pH1cJ9V6HEXU8Q,KeKLs
1AsK2uTypkhUgAzd2ceoUQE83cgS6hH9E5,Kibo
1AStcZCyVeVuMxaXSKfHTcg45qGDZ6Hdxk,ParisianForge
1AtcSh7uxenQ6AR5xqr6agAegWRUF5N4uh,Looney
1ATGrkwhRxu5Uenca7hrtRFKHPGbZUuQKh,Pepe Brothers
1ATkV9cXusERxwiVxtGNZxteKizP2f1jEA,Matt
1AtZr6L6W4PWAkZMzUKbPbvEq4YFWVuUzT,CryptoClay
1AvohTTuWvKZLF6CddQczXjenoYiQMPjmM,drazestan
1Aw8NkS7AzW6yQgnT4YmEzADj7LAPLnZ65,ALG
1Awh3xP1gTSxraipS7KJZcQxxAfhKaYqXr,Gwen
1AWHc5TiEmxrEKVUzB5pBhX9HkJH2xb2TL,Kevo-B
1AwS3wRFNCoymKs69BXjAA4VfgWvuKvx4j,Arwyn
1AXJ8G5KwoTbtxbGHQQUp9dFwKP2RHPRwh,NNIA
1AXYRrxTPBE1DZcYCAGSSxFwiXpNh2UDs6,Pepe Inside
1AXZWu1GLDbTUUb5BmWYuZWGD332Jg7LTK,KristyGlas
1AYBbN1yxxtydjMnLyBgi8WxXWudjmi929,Sir Barry Gibb and Maya
1AzMvg56ygyJF7NvEWxBKTJ5GMW66j7DCk,Kiradiron
1B2tuKQhMAywWGiReqM8FxN9wfjR2CLiRk,Pixxzilla
1B2vdrQCcVmu2KW1mQNEzchbWPwTce3k3q,kami
1B3pKGymjpjzHcn69EKfakbvSy6XNxpi26,Melonika
1B4iscA27jemfZ5iwwHxeihszDj7CJMvnD,Dangiuz
1B4yHGyg58sYact6Pp55KDZraa959QQF8b,Deleted account
1B7pz1jyV9AjNGBvivMw7idtz9Xr8wjKsd,poripori
1B7rUzkTh4CPSKc1Xr6PGEfeXiwKQgRhEw,Matt Kane
1Ba9eKTppsTDWstr1mLjJTF1rkcFCRvdae,Dr Pep
1BAagMnmsBzFDZNTQxpGn1wLPnoT4xBY8h,X-FARTO
1BAq6w3S23TnuscxkGNBB3L49kyUntwAXz,Quincredible
1bbbSqqR8ikdy7aFjzxbAg36mm1hrdhE8,Rare Scrilla
1BBKKP1oQtJbsmkXJHzpERQ4N1DSvZwKnE,JamesMcPickle
1BCnTBygUNT26cjeotfCTxiAqEpvHuYofP,Glen
1BeastqNW36yStzxjVbsWSKxtg1mtkCjPM,Exmoor Beast
1BepCXzZ7RRcPaqUdvBp2jvkJcaRvHMGKz,ARWYN
1BfbEGGtu5hvFBdTuYPtgVMvHboZHtdJ7Y,Worm
1BfLUnm55dPm94nzYSYVnBZXNMvQDUCS77,Kek
1Bg6NXFcRUUupTLqz7vkS6js5G7ogn5tcT,Lollypop
1BH9sBVQ645gx2D3pfkc95SSvvEXpFhw2N,Elvisdear
1BhmEvkt4TwKWLxviv6f5dpbbWRJ2Tsb7q,dankfurry
1Bj7Kb4kzTmUWgPuhqnpb8f5o5289beggL,Aera One
1BJinLNWbT1w4gNyQpHB6okxogpnNreQgk,Costa Jpeg
1BJKsSdPSz23gUud1gA215oWm8EkXiYovR,aliceeeddd
1BJVRiLvCAxgrAqW9UAMBpJn7TVpNirsTk,Cryptoartgirl
1BKkeaq2xzHrTea4PPSWCj5Y7wg4B6c5Eq,Da'Block God
1BkQQwpK8JV9GjmdcSncFTVayBr1LbyZ5L,LOVEBEING
1BLKYhhV6hf3YMV1SnGosyPWJPF3Juf5t7,KAWABANGGA
1BmjUDRPjhf8hRjfm6QiFkDNMZJceW5Kva,SIV
1BpF8fvr2vokKiJYpDNm8wB2LMpRNPPZ1z,DanDarkPool
1BqpErQNyeJFHuyPeu4gr6N8qZLSmz7QMV,Asgardtek
1BRB38LNN1CNWeQngKeeZFF7osBpmyieKa,Robness
1BRye8o6TW3d3tjDh1XcjQfoZ2Uup7WnsE,SilK
1BvTu2bwpSnMqEcv8bSCf7GcnupxyNU7H7,Darkknight
1bX6K5yvYDt24wyBhwFBB7SS3Vqommyc4,TihhonAlina
1BXLgcoRannkUsTb8muBJBawhq48T17Eq9,fakesatoshi
1BxLHAUWAhN2LHWgvB9nJZRi93jjK2w2rx,TEPIXELABS
1bYgnoxr27ovNSz25LSFqtpoiWvKzBvgt,kobayashi
1ByJungGRi5CNRMHSJZFDTHhn3hj8o6JZi,shorty
1ByMfjEQRMNUv8ZJbAT6ibxfBdNPeAxiP5,Alondre Crypto
1BYwYMXtwJP2dG5VBAm68qNZytEGWs55am,Ilya Shkipin
1BzAFx1f5iAM6t3xfv1cYrxbYQxLBSA6A7,dontbesovasya
1BzvWxzCGRiywiSu8avvXehrTBfW6GLaGJ,Yog Joshi
1C3eNQkhQDB6XQok4SVPjjmZMHDqLKxRbG,jpegtrashbin
1C4jK4TtZ6mr9p7AbebJtALvRD2Z6JVppg,Salva
1C6Lc3wjDzDUmSkckxdvGLHHC7PbMntvid,RYR
1CAYBK3kChrrPFHfz1dY5pccFDxCRyG5Fd,Slutcrusher
1CbdysjxaTw5vS3kqdK6qBSLb1rUbSx39B,Troy Roennfeldt
1CdiwX3MRLd46stmx7ge6VRXmUWgjZFt8Z,GARCIAGARCIA
1CDrpuWpQk3WkfXS33qJnG1LGjFn83b9zd,r0saria8
1CEZw7NdU3ZKMw2yA9TsEVDJufzRdgAe46,Art GarPUNKel
1CFR9Gze4TQyWURZ2qQMU1gWeduRW6fQZW,MCKECHNIE
1ChsgztxkxJc33LvocmR5Ug9uhAiuYA3fB,Lyoji
1CKDZhRxSayuJUujQ7VeQ7xDCQTF8cE8or,nathan sonic
1CMgAcCauLHc2nHhY6VEGwNLCJhjUkHLC5,RebelMoney
1CMRQkxW6mzdbVhiD4FjZoFKcCNjQkEKsx,Geordie Shorty
1CNoMMKpyZq7V8jiWeWSdmhKLaNG8aQRPY,Bora Boris
1CPTYnL7VqptNuSMwx5GPeSKhBi6UE623,Trystan
1Cq3EQgH3NEvyZ8x9MorfGdTm4oBFZLmM8,BasqKek
1CQbYAGmrudnEmgzs77LPXjLRTFuCFWCmp,Costa Jpeg
1Crfnesz1iXNxAWZ9HWmxBHR2uXzzgE8m6,Boost
1CRmZCXxKdYbCPfsGjB9cWJn3bLSejGq4B,stwwts
1CSBaZDaS6i8yb9uvHiYe53Xca4NRnzLQc,Oni Giri
1CUCcR2teANBPQPBTx9BiLWmqk5SzqGvvd,n-ya
1Cuz1s5RXQChUqPyZbE5TiRqz1MXhj17ef,Pepe Capitol
1CV5YWca5o3LsafHMWF9UHPnkB2BhRx7Xy,FrogLandz
1CvnbaFQaBB8bM6oE2Vj48GupkF39VDKVo,teymthebeast
1CWfmbDb6h65mCL65arynchkXMbGe4AEKE,FISTSOFFURY
1CWjVd6zNC7L3WTjLj559fyPBLPKDSdg7X,Jum Napat
1CxoHnrubpbKgiDgBue6hENBSy2tGSSNPj,Luna
1CzqL5i4PYrWBN7QmSAgetQeDwzvwgSbKJ,SeerLight
1D2S8UVwbn1to7sdgorMfMUJpZxnMSt7MC,BASED PLEB
1D4bA7zXBqdkhzfuBmMhVbraxRx48vTAtu,SUBS
1D6vEvJF1S4WgLtUjQU6A9Kwz4K227uxrT,0jak
1D7NAzTgFtwH8x5S3T6nYEYCZFPffRG1Ee,Winnie
1D95rEm6aXafyw7WgzUoxvVxnUAkA1U4Cg,Mort
1D9CLeDBEH9TgZh4fNLq1HRxFnX7JomwQU,Daisy
1DCNREVNE9937VWk52RwzrydGNSUQzGcTh,Theo Goodman
1DekbXfVgrTVm1gFFiZJSZJBNBaL4Bcu3u,Naime X Meysvm
1Dg6o5XQMtTLQ4QP1QbGykA6gGWLiTEjXB,Asanoha
1DGstezxYXU5sR1sDHRqBHXZZkkXnxnN5x,Pinocchio
1DhqRSP8EobGf3yGdAP7CPj2V38xomgUjn,shorty
1DhwyR4LqtDRK1EDMA6S7tvKSdv1CgHg1s,Dr Suss
1Dj5zdDfRM7hvVtXLWC1TvG24BJavb4r3P,EM
1DjYYUZcSr6BnziTHwRCc4GivpcWmH1Z61,Rodro
1DK34Fpw4NgCpbYtFNXBdwXEVQoZecYwvf,PAIN
1DN7SU5DtMiCy3cw4hpRpf9LQeE57L5vhD,Trystan
1DNQNXqT77uXarktHjA4w8eCTTHXHUEBgk,StamPoor
1DoPCnWMCw4zyvtqBABZ4SmqQR9vEz2q8d,JLauStudio
1DPgkNoXJAwurQwnjWJFyfeXVgqNu7N2nM,Pork Chop Express
1DQokwQyYrfG2tFPKBaSPE47uwJhYWgSXk,HNFT Pepe
1DqQQSnXBeY8SsSQURGXFBWfr6gnwAJGuy,Frames
1DRZVQe58Tr9WxDNYdJUbye3toH1zkedX,Darkfarms
1DRZVQQepVDcT5tTf8k2gEd3QiNBVmubso,Dankfarms
1DSKoLAzjU2XNDimywpa4it2TQre3rLM4N,Jaen
1DtVof3tnii8c5Skiv8Jcv1v4XuJM8qjRM,Isaac
1DUJ8YzDvMTSjKtU6mz5i17EKaBDZ5dAnR,Mellow Mining
1DUuc897jRRer7kko8noAnXfURCMV1zkG4,Afonso Caravagio X Aisha Venus
1DvFgxWuqnpV24z8crYNpdvrqxdmMRGT3w,Asgardtek
1Dvh5Hb2s7np5VAnNJCP11m5JHCYzJsw1J,aishyrine
1DxGBeSHugdTR9zYNS72Uqmg6pGKGwBaUv,ForsArt
1DxRM9jXnLQMpKjQficmjG2ywzKNjniRAV,Xtampz
1DyvFq5ZaKgoXt4BBTmMUGRCHuEWF68485,HARVEY VOGELMANN
1E2LutiSkjVh9K2WQgkpgaFHKciGHH7k7w,DevGman
1E3kn4VBfAsjamEpq84o6WVUwno2B2nRBu,Kappepe
1E9Vu8nJf5UqvAjqeWSq5BgpHZPMnPj15x,iliminskiy
1E9YRRmf6npKZSQnv2cPJ1vmcdxAiBgSLJ,Si Simple
1EAJ59EK9w8kZpLrUCbEJK9LtR9eBYJCRE,MLOdotArt
1EaYaD3cfHdMiFEAydQH9XqGhCVCtQS2bH,Claire Silver
1EB5zzYHCn1tpg372YqSAHUySr3sEzYmFU,doggfather
1EbsYbJ8HcVtUeLX2iFLwRLABUKLpNzKga,Kane Mayfield
1EDKjR4EGgSBMANpLMgn2wRVA7GzLe3V4h,Viva La Vandal
1EEkXNndtrSRfBggaiByQcTvnD5X3w8Wru,Von Hell
1EeRBz67B22EgXqnuTReL9EUp5rLAWumd7,Kat Rose
1Ef1CuA37NkaBcxy4Fe1g7xiz4XDS1aejX,DAVE
1EgkMa1d79BXGjU9eZbuuiZu4uYQVuRsPe,Hairpepe
1Ei92YtrWtHtttsYJhDbVdbykRGhQ9e3KZ,FakeDad
1EiFc961gHQgrjixtJa13FERhN5vZZP1fZ,Flepergebet
1EjGG7MptnXcNDZbdfdKBLFfeNCcFA6rFN,OSF
1EjsJwDp69L8hWn8t2tyQWaGAdMwCU9nEt,Easy B
1EL3aXhdywRSPamhJ83EC11bZaRYkc48pr,Butty
1ELuWjRfW6E5UtENyH1sHR8qp3Qr3JeH5N,Mike Three
1EmJgasDJufd4sMPyqXEdvqaqMJCWd6Feb,80sKurtRussel
1EmRctcKEv7skZYthCnzDCkEpcn3eeY3QJ,Jak
1ENorBfS2WFytLnRL8B1Y7K3MfD5vWPhEr,PEPABLE
1Eo4wWniheZQZW1wXuYi2nGA8QWStKCLHA,anon
1EpVsfko3xu8mY8QZMyD34mwqqT42voteg,Wx
1EPy8gYakztxii9uimwAqQQZACBRE1RZJX,Andrea Chiampo
1ER85tmNHmKUaojwu42o2JsgRR3egHnFHX,NFTMANC
1ErJXnHSEMHReavqjSyo4Nenn2KEfGH3Ft,Poboy
1ERQ1ADde44xJyA2PxVx8ZjGG7x2Aaa1au,Limbo Mask
1ETbPRGnhYi3pnQdrbrLHcypfPs7kB5j8o,Mr. Million Miles Away
1EtvtdGwh8aWZxyEw37d7h5Jxenz215i9Q,MissG
1EUHZ4HfXFvCm8bZaX26miCwazbonPdgZd,LokiGillies
1Evr6d1sjq5aPjzheSyifF5qa8yMPV219P,Skife
1EWFR9dMzM2JtrXeqwVCY1LW6KMZ1iRhJ5,Fabrique
1EWjvmCUySoYSmoAvzoG7ejAFzHaVVigpy,Nogoodboypoints
1EWNrnZA6kEU3ABujAJyJmSgm5jEt17yW,Luna x Al x Pepe
1EYRbg17ZdSh21mMfPJgmZ6i58XUYPEsUh,Ilya Kazakov
1EYtnaxTAfY1XgKCwPZBayC5hBuLnRiZw9,Davinci9
1EZLswGpShJZ4jtgiZCemojV1si63QFZJ,desultor
1F16RmXkFdq3hXR7PAaMB4Lyf1EQ15AEqx,Joan
1F1gmiCec152e5MC7oVsiCxqJFNH7fGh5f,DVANAMYX
1F6Vyig9kBGc5Buvy9JyuV8d3jEiPKxWUX,OOAKOSIMO
1F7cqBV7dHZ8BAVDi1piN6osXwDgKjcgx5,Naeem
1F8tpGn5UVbYUKYoBgQ6FNcHkxAGUdPPN,DesktopCommando
1F8Yy1L43CpkYrbb1hcCKhncdipAAh6GGj,Caravaggio x Vincent Van Dough
1F9LoPk2Dq4hUBXzDkScbYceowF1KSBQpn,Lionello
1FakeRareTDi3PkHiehotQ2QAfUdw7Kzyc,Mr. P x Stack
1FBfnjTsRxGuWG3AcARkvR7dY3Ni5HryHL,silo
1FCL3nRqN83z28Qs8BbPM8Psi2WUyhsiaU,Lord Jamie V ShiLL
1FedvShKs8ffFA9NxECncWcvPMCnjvsvPd,Tizar Berandalan
1FEfPiBhYhpCxMPxBV8JYH16XkpDPd9Nuc,twistedgen
1FgwxLoTMkAcYxsrBCAX6uAzNaYiBxrKx8,Costa Jpeg
1FMrU6zzEdaSUBu8C7AVo1QHHy2VqdY9ZM,lelaitD
1FNCgcfBN9gZ54HwvXCGLuxwjT26fCd72v,Big Homie
1FNWcPse2ZethjUGimJ8TPptECgRtDohgK,BTCblaze
1FPCNLddMhcxmNfSHGzjT2mHnbGZtXnBvN,Mr Ruffian
1FpwPh3kGyEhwbpSq2swMHuoDCin3ReFax,Mr Matteo
1FQYTmeYoEcJ5Q7yZCB6479KYda1BqjScp,Mighty Shroom
1FroUemjA9qfi8u1pfPJeaJWtrJnmBiWqK,Brocciu
1FRxFpP9XoRsvZFVqGtt4fjjgKe1h5tbAh,Abstract Mirror
1Fsb8D7VpowJjDoNeQNRkz18rx4emrFim3,PCUNNY
1FShdcjyyweFBYHQiPnSsBrh2QqYVp4pEP,Aristhodle
1FSYnpiEZZRMLgfqJqBXpwmPWcJfewt1XD,AK Creations
1FtPUZhN9uNyDVsDR4gGFME75V47LjV8NM,YourFren
1FueyNpiTJvFtxtPaop5wQVTJQuAEqieiZ,Viva La Vandal
1Fund8SCBByWS8CcSpVe5yrWRjx1zRHeKu,Britts and Stas
1Fv87qmdtjQDP9d4p9E5ncBQvYB4a3Rhy6,Glen
1FvPi6iSuoRjCqaj4imHdHVtEzrJnevAp6,Fake Annie
1FVrb68WemNwZ2W5nowLMitWmfuipyexXu,ALIENQUEEN
1Fx6dk3DqUuHCJReuMCfECXz4z58Jec6HK,Holden L.
1FXBXpgVJEWkK1PZTYgR5ao2PyudkF3pxZ,threepanelcrimes
1FxWCUK6QkdWxvv2GmkuhhEMHJHZ4BTnNW,Dim Zayan
1Fy1aJivLBhFwFPSnRWovxrWAoKSzinR9j,CATH Simard
1FZF4hGuyirVZ81YDuZZHVGBM7mxUBtXU7,Collective
1FZzA4kPgwvN3cCTEntiPgm2Jwq4U4Zrgt,Jona Carbi
1G5sSntXFXAqEBVuCcSAw9QVAJzSYjPUTV,GonkX
1G9FNrVAzib6zYGxpbKmYqH1PnsC2sw3hP,SaSHA-256
1Ga7E9ugpre9LCAgJbZkxUrfySWNskQJxA,DOGE-STYLE
1Gbhiqyv6GyeRoGH1WTzUHMHFFwQnPM9Fy,STVDIO NOUVEAU
1GD8KuG2WdriD7tRfAGn7sZX4Sj3dFAF24,Elispri
1GEDocDH6861G4ErLXtjPrVZFVYNAcAD3B,DarkFluffyRabbit
1GeZE7UvpspWSLoJEE1ZGGpLPtUkMwFhah,m3thod23
1GHjCTkP4RK6njD5t6SfyUhSPguMPidf87,T2C
1Gir6ed3DttS9SAV5Lde4DrTkSt2zjELNw,KimbrowAF
1GJX9RVjF75LCarD2aBXsmp6aJ3Xm3g1UB,Luca
1GjXFe9W7KBYFCDNPGXAzYa1FFikzx28Js,RareDesigner
1GLPaHM6NFEprFHjxKYjgNELRkr4tHxehj,Joe Pease
1Gm1bL1v3ntLXnkNE8Pw2SsnyhsotZwYKR,Obxium
1GMFTyjXFzfLag3rMRm5M7vZ7DJTj1bVft,Tommy Wilson
1GnNF7c7GcRyh95wNQmRvCJAnq7wk84FRw,DG Alex Kovalenko
1GNQdAkP1zEToHbtZjqaQwqMU6Eg6Xu4Um,Davinci9
1GoCcYoAaAb6WGqXciYkLHs5gB8vZqo5n7,Aquaticmane
1GotRejB6XsGgMsM79TvcypeanDJRJbMtg,Mike in Space
1GpDxQSq2bpMwLotSf9fsJk2AzgUK8kD81,JDean
1GPGk4Rvrr3BMjv3LcgFewRXZZikCqsRjT,Jason
1GpkBzoXPq2rtT2ZVVxC3daceQKkq5ea6m,Joanart
1GpLkgp9DHEdMaVriesS3WM8q74vraHRYi,ELHelloWorld
1GPon5BBwZJBSvGbj3b973TQ1XMXgDbPwt,netidx
1GPQCMQcDkyFy2sMpPWsRanyakHaWrjR67,Kappepe
1GQFxvpf5LV3seFfxWjAVZ9tYmtAmhtxgc,shorty
1GQhaWqejcGJ4GhQar7SjcCfadxvf5DNBD,Mike
1GQpt4wMbVezwt31McE6ePBGkkEdVXxALc,Shibuya
1gRFa1BpJkqmE1nuFencGZWLfz59ujYvd,Spellamin
1GRNQRtrdWchH5DUwcp8epKebMZNpfk8cK,GRNQRTR
1GrZE3oVRmp8AAqJUK4jaeVCW4K2KFbu5A,MemeInu
1GsXMya58Ha7fpUn1HEN21EEqHmNM1T7W3,ysdrwn
1GTKWHW3UT18PvuApo2CyFQw5TS7XvUxS8,RubenBigQ
1GUN4kFWjKrMF9kCXFMcTz3ByLF7HvftNo,BASED_DANK_KEK
1GUYty1XCF7k1bTuswfQGkpro2yHY6Qrqu,pilifeht
1GVShnTm4vRDgd45S3FcN3zPwFd17nfKB7,Boost
1GXhh29SqcmLHo3dwb6FRSF3wY9WtQd5Xe,Empress Trash
1Gy3SMD8Ks8zF4C1LTzckqJm6ngT7tNKaf,deadRabbit
1GYRneYXFqddDtnVo6oToZzkAhoTwqmrjC,OKIDO
1GzasG2hy7Zaad5SvM5pFWpg6wbfqXqJxJ,Zed Erwan
1GZe5h1YSfBHaF1mmmmLuD2Wi9wUJbuWCc,Gus gg
1GZgGH8JHFtTLXAh7ozGxEWD9rhUcPsEjH,Fawkek
1GZZ1eG35vSNqD6q3A15S5vpNQZTyJ9ajh,Cullen Colors
1GZzyQcE5XMWc8axSPxTYpZEgRQCrEoow3,AnimaToey
1H1PudSjwNDdsjijvaC4mpK8Azj919H7Fv,Simsa
1H2Xnps1nRbPgcRbXPoKoLVSxB4VoKvQFw,SER PEPE
1H3Nk1b9xHyJZStKQ4oD5XukEnajVFBckj,Guzman
1h4R6FLbEDmVdErGQDLMXi4SQ3m18UaQa,Wakeful Harvest
1H5sNk8XWcapGL6WnAP7kELkTBdrN6ZGPm,Greencross
1H9espso4b8FKQNH8q6u7fyhD9f8BLJXcU,GuGGGar
1HaDmPsQ44VKfgrd2sWZKAnw11xPjDXYrN,Glennos
1HcqexZaqZs5yrY3QNzZxG2ZzTzMJGhZXs,AIRAVATA
1HDYDkvF53xsnxHksEWMfzWuKbe8TLosfM,SHEWOLF
1HFXAMywazLNZbPgecM2qa3AUUo6BYAN6L,Guylygon
1HHzJm8bYugtLjMPm9W8Dr3hLBfPjJ5Hbh,realPepstein
1HJ4WQidNdiJFvjiLsPg5Au1hY31McVc7R,FourLeafClover
1HjBByFtSJTfbF5dHGDCVJZ4KrnXdE3UWU,Rare Junior
1HjVHZUVEVBx2M5ZcbtZBhU63sUMVEsAUU,twistedgen
1Hjxiv4qQn6d2BY5ZWXuKVeyJjTVH5iMoN,Mr Hansel
1HjxVsLEhfUF2eyBhTFNcL9mhRtDstNgJM,DEFSTALKR
1Hk8UJHRN5v1WFKZirXvqxWSBRKSULH49j,wade
1HKjTnKdf5mWCRECSkY9Yk7vd2C3zxBQcc,contrekt
1hNcteiesYbJpaEQF8s74nHaQQ69h2N4j,AnonPepe
1HnSPnNiM1CqHXVdnfSWCR3QcHTz2979eC,batz
1HoYgfcxY2tx8pFQCBfLpgKbhNTS4hEbsX,Whalesink
1HqN45rfudguCpM5wdU4SSbEf6aSXsEJvR,Gary Cartlidge
1HQyaHsadWBp5DDDCgSShgJcuvAN4X4C8N,nicedayJULES
1HR5Tmi7QReBsy2kNZkWSZK6KFQkes1xqZ,Hcarpach
1HRj52ehahvzb8A7vWT2WNtLfKi6CuH7qc,GrantYun
1Hs1FmT9Kzfd71cmMhW7iHeLpnHw8yo8Wh,Bitcoin Audio
1HS85uu1G9KUP9AvC8kez9K5SrGaRL8TQ4,kr
1HSaciPtwTkQj5iMTbrmJcN4iSd8BYkTLi,ICQPEPE
1HTRhC8tWUrcVS8LYbhzixzTrpKxJhseLs,Jaya and Nish
1HUMRdnpqEhnMg2KHUWNkwwhCRhe444LBQ,Asgardtek
1HwDiHV5DHVgzeGogVMvjJuKvyULtWfmbp,9272
1HWpPmnKER6fmXstQNhSFyntTuGZ9aBmni,PrivateKey
1Hxnug9kpjXwMmqU5Mg4iYbR6rkyuBXvmU,Aquaticmane
1Hy7GW4vt2DkyWUQBpfcbHn6qeHTx5jce5,Matt Szczur
1HZqip4XfUTXZJoV7CQeNnwcN5MWf9R2RX,Ryan Koopmans
1i7R3J5voR2TotUi4eDohPUda3R5sXqEC,Art Bat
1J2VR6S98TiFwXjpn5J3U8PHwUkycpnRZb,Astig
1J5FJzMUuFBSCYaSr5G94m7zpyEujC3dzn,JuanGalt
1J88rK2cTLjWQQYbVkRtPpHsSAfqeFyz8P,NoraMyao
1J8aLankHbmAHojseGRmWRZoTZKiNVi5GQ,m0nti
1JA1phFpE3uRrtL27t4L1nEgFnTGbm4hRr,Mallery
1JAuET9GmkADQarX5ZsgHXuHjJzwesfAKg,Boost
1JB7Y2pioWZKtPyAWKcp59dntha4ikYP4b,SNUXTONPACK
1JBEzg8ZcQQiLwJtDgp6Q4ssNxexoYQx8N,nathan sonic
1Jbnzjtjryi547m7k2Fw3CZveAiNWFRzmr,LadyWhaleCoin
1JBPyk6jhbqv9JwKeYrLRnxp4dTv68Df58,Terhent
1JdCB2xd6hBtPXvFGtis9rUNw1EJ93Egif,Coit
1JDogZS6tQcSxwfxhv6XKKjcyicYA4Feev,AbysVora
1JEWAPCinnX2Uo1CAK4F3aLy5SrmdUcQzb,DanDarkPill
1JFCgpyzG7dqCLKKohAmsNgjffm74VCvKZ,Miss Pepe
1JFZFJo3CaDiUbQ8dnuZxkp7oTB3tqJrPM,Jeremy Booth
1JGpNgvNkJHA2hcrsTWAcHkjtJ45xqmXeR,DaWe1
1JHAGLjZjA9jxgcFbpwwix8dW8WRXq8K34,Hilman
1JhHUBcg3Mr89ZXXx7y3Htgv38REQ3hakJ,Luis Simo
1JiWLJ1Z6ixudMfCWtwwYbaVNJd2nNL2Jv,El_chapo
1JjALGQhbVGx2ig6cRFu56SM7KT4xkX39q,drazestan
1JjdKsnzR5g8qRr6WKyENjPip2mUtNEcrb,Kat Rose
1jJMudY3ozRsb2N5cHJ1tXsukU9bN1cJS,Odious
1JjmusRFn5aH6vf7WNQAUbtXWycVdMdJ49,Maya
1JJP986hdU9Qy9b49rafM9FoXdbz1Mgbjo,GMONEY
1JJZUfMj6SkfKfwbTAD18wYM9HC2Pbx52c,Harvey Vogelmann
1JKNusGXnfu8HJQfwVbSbbraJ3YosP5Zrm,Boost
1JKQhXvoj1cAWcBSEk8HSN52GQhv5jWUGY,Alpha Centauri Kid
1Jn7AEXG8mkjPp1VvfJNpDMqbBzQAPrcXX,Pepe de Medici x Monday Motion
1JnS7dWAjhyH51wwQ9QctEDUK9hhc4GEGJ,MYSK
1JNv8noBdXjXyopTKiU25gJi7UBpakzXX,SuperTrip64
1Jo6oAXW6pDpGZBPdDZiHMHDyruqtFmStf,HIGGLIT
1jp1Q8TjxF2WFiByvXSzSkqFQNzhwK4eN,3pp
1JP9936VbUW8w5NqvCQ7aeKbqZxpyVPQcM,Melonika
1Jqnc5B6w1aQBbunLHWYjJQLtHRmnUiGyr,Jonny Johnsonson
1JrLZu5tzmFSK2T1ZZgdjDw8VmNWjdzHza,Hitchdank
1JSqVT5zirwtaJV6dgm5LPE281oPQYb16F,Irem
1JuiQDVssZo9k9W6rJEFAoCEnn3tRoghw5,qqMarro
1JuSwLvahwaGyyDfRJ3r7agKJvLcP4NQBy,NOONE
1K1hia5UkC8ZxieA1xZJErGUg3AmWf4SE4,Mark Rothkdough
1K3AkTiWA9AaEQ1Vuz8KJK78ERbVrPtnS,VaJe
1K3V4xBhJDXqD2mFQknrX7bes6Cd8h3112,SteveWeave
1K4BJHFbxD776ZCRFvRX4Sd5zjX32ScgUV,Shannon Code
1K4zZYAdqjXYaxPxjpE9N3Dq798Q5bK6zs,Y2A
1K8tAJFXrY7yjopqwe1cMh9u2A92guCHWu,Mumbling Bearded Freak
1KaQo3kd9eFLhx5h3bXVCNB6XS5vsLqRZY,flake
1KaxEZxy62JK96rrnpkMX8TfssCXMmYuCC,FWD
1KBjhGS1Fvep2ZCkQ8DL8hDgSBZSJBRfuV,Ben Strauss
1KDf6ZbetZfWqeQmCddupnjMnQN7fZTiiB,CEFFIE
1KeBXZR8hCSEgFoDXyyVcCwRDnX7EZCetn,Haengbok
1KeG8zBi5BXWhqEU8E9zpFfK8YntJSSuFm,Kevin Satoshi
1KekGtxJBMDpDLk5i6ShkgB311AVq8gtRd,mad.gtx
1Kh4DnRaNPDcbcsgu91UzJNqzE8bZYH8e,All Out Anon
1KiDcw62VqeP5subMAEVWtFH85zvkFagwy,Marcus Connor
1Kjt6jHqdC89v15LDuvqtqyxQ8VzTaZfdW,CESONE
1KKJUSnP1EvBjWgeAY8JKc93DLqpXGJnAc,Leigha-Beth
1KLaXEYJER8xqgkdnN3SCGh8ByRrqs2GQf,Ditacrypto and Winds_hit_heavy
1KnZSZNuYUmX8LJvCu1azD7PR9Qb75ogoG,Zaid Kirdsey
1Kom8MRUzDZhY8tpraWKmbHBhqy5W1t4rJ,Megatron
1KRb5aLWu7WRNGG1gMFAZqMnKiPNKxckHm,Digital Ape
1KRfhR1fyeycx3RSdHqcN9or5nRUKYQ2Xp,PabloRicaSSo
1KSesCL1TBbnoZf6SrU4aQd418WFymvLLM,FeelsRareMan
1KsT1iuaEYXE4cj1a3vC8Q6tmrHmyBLaoT,Ndhoz
1KV755ER9Txh5o3YwZD6Qis2RFNKcYStqm,WEAREKEVIN
1Kvm1jDp39nsTGHZnQ96wb1V2ztdvHAhG5,Dmitri Cherniak
1KvNxq1ojHSV1QkzvtBvJyfp3g5N2FURSB,SCrusher
1KxRfguGPn4tuzaPRP7kVHn2NxYb3K8yEJ,ENDINGSUNDAYS x COIT
1KzfEYuDRjYmie6hWhHtQJ2daykMhB61hC,Alondre Crypto
1KzntY9i12fusamGr7UegXpvtmLT3fLvWH,Wizard X
1KzR4mxerrvRXMVE8tyUfJoxw8w92qFUtc,J-BOW
1L1EBBB468hK4NKLMC8XqbbskPXc7U9EUD,AbysVora
1L4QskQjDe2tAuxdUomjgkKJGqXpnkTTvr,Ensart
1L5LsFJvtQtWPuKs8Q8X5CQKCdahX2imYh,Art GarPUNKel
1L7XByYfhiC81cvybJavMmPzEBh8hzbvtv,shorty
1L825gmhMUaJSYKXa8csefgffwveCUujTJ,Hitomi Matsui
1LA6TS3qDBVaEXJkoPJfJgzUFKnavBQcsc,PEPE QUEEN
1LBZQt84t157snPSyGML76kN5DgXGmEUUj,Cam
1LchrUNiiYZAnB4XDvWoLF8YRtWbZPZva5,ShakAttak
1LdaRw71AYY5BVNwoBhEYa6dcRYWGAhp6b,PepeDude
1LdiF6yU7qb34sKKBERMtGEtk6V3CZk9jv,LOVEBEING
1LEFiyQteqANbcfbdxqUgDU54wJUFXg13B,Arash Negahban
1LgiQGNGtwZLvdUU3NQnEyDVGiuZv8KBAA,Brush
1Lhoi43wAkTgei1WK5drpSF9V8Y76jnj89,Emperor Western
1LmsTh989rcTUdz1XRqPr6KtSM97xhekQa,AWRALPH x Rare Scrilla
1LmTfavpcytyCub4wJjnFc97hvAp75ub8Z,M0d3d3b0
1LnKymL31UPvJvqLJPhMGz7o5QwkfaoEyY,J.W.Kek
1LP5UMM6k2CXGVZbuXVFscU4Qg5TbJLeND,WHO IS IT
1LQfMD2VWmWJvFfoyUmCN4s2q7ny5Z7QF9,Betty
1LQSb4ep7nn9VZ1X6G5crdJdSVf449NZ5E,Pepe Hawking
1LQyCDWKbzwsPHcoysRGXgjsjDgd7r7FTY,Pepe Peddler
1LRiDwvsmzF9bb7XGmn3qCoMDKNzWFZncY,AbstractUnknown
1LsAJt2P4JeaWFt6fUBYGoEj8kQHMrMbh8,Deleted account
1LSWYrJDhEr4JY3YXqbQrMRGQFfu4YuuAP,Nicolas Sierro
1LTMUu6PdyEmqf8rZWsX3JWPfppyxG4iW8,PUR X FWD
1LtRABtoJNKAhm8s7F34JwAxpYZoqgN9ux,Mrcoins
1LU2uHwxqBRWqMvs9DWnEy1EsjGz3cXBvA,Django Bits
1Lv61j3gGkdecd8FJUEVwoK8vVZtS61WyM,Finest Rares
1LxW4z23GF3sG9tWhaUtTJd1UHcKu7UiY7,Booo_Urns
1Ly7gU7tLLuiUHMiZ9dVazHvfXeJT7W3db,TEAM THRASH
1LYm9pZkBVKUaisAU4899S4UDD31fWY6h6,Gordey Prostov
1m1i5VKUWfR8VMZbt7k1bgBMJL6nw1yj3,DARKSIDE
1M1Szvtn781tdByWCEdGJk3qMgiJDaa7KY,gmmoney
1M2s9RVhuHhc5G1TUnSoSPuVpygGcyfAnA,0jak
1M6pSya5KYp8juzWhauYCquBRNCHWaQL7r,Lenny
1M7HN2wh32YU4AMfMatrAnCcdyfmuow7V3,Community Created
1M8tGrim6DP1zra6YAHotZfs19wxo78pzQ,CryptoChainer
1m8vd7FPHtS8fu6NQduCibfjCt3T8UPoz,BLISSFULMORG
1M8wg6RP3APzXF7NpAEeHPftWxYhYXRxhv,artifact
1MahKbQ4v2mTEdrEGEjX3yGCWyRGXPZ2k4,Mallery
1MAo43YtoR1aGT1rvpBBSfj34qMh9BUEH7,vvorstfan
1Mb5NTTZxDNo1ccASBdX7AP5zGD7czkoFW,D00MSDRE
1MB6hCsSRUD5STF61u2YpwZVoASDd3UvpZ,aleksys
1MBNgJkJKii9pT9t6GyKRj5DM5P5MPs8Hq,powerhodl
1MeKc9jcaQ3Kd5cBtXNvV2qz9rg8F5yq45,DJ QBert
1MFinLh6Qw5FuzRBgKLgBmgUHuv6yJgi4n,Pepe Brothers
1Mh4US7jgBMFjTFECpLnxf1sMVStXNireW,YAWZ
1MKkFiirL2oGtz2fgNKfuEbTGTtiMJiB8W,Dantheman
1mL6eVcFFgHvWq39iSUv53Xc2uhctS9m6,0010
1MN25CK93knXo4oemRAekhiCD6EGn8HQov,LORS
1MN5Pz4yBjkNwDZKFkEmSpS7buWxRNYBhw,Degen
1MNVWrpmzTUk47HW6u5Z78MnuUfQ7iUbcp,Kaph Resh
1MnwgrmLtTt7Jc4vRMz8SGpqM1dPEtGBKG,Whatisinaname
1MoKaUbmpnCbMxxoemMEAaFdD9o5n7JULj,Cgknight
1Mp47wKLV6qhG4ZED2UvHTYbVvnTswjge4,Kevo-B
1MP4Mp9ffoTy9rJB3uf6BFvmW3spXbdDcY,FRAIRE
1Mq8jAW43ULNgmq4esDZaNGTZasBC56ooz,papeto
1MqkN7x2gMFrhQL9xxWxJvBRimatZRiQik,Irem Bozatak
1MqxGQBPcp8v2iVAE39N2LehncaGsYG7xd,Marcus Connor
1MRroyqF1ieQ2kvrCncJgFu93peHi4nBMJ,Mr Roy
1MSeX6uNK1Nrhm2xeiE4ZC9EQGvddTWcuP,peps
1MSfNFttUp2EMPL9NbcztLUfpQS9Nkj7x8,Sovanvirak
1MSutqVsHjp1CE5sDfUnD5ZFKAQbnZyyr2,Phil
1MsYXfJqCzQTsh1Mo9qMeS3qUqFs3jjJcX,JUST BREATHE
1MT1fKjxaFUh3o3X27WdM1MZDkhwUkXsBX,BLUEMONK
1mtstueodqj8rAC8WEDTV6UDiqUN46U9s,gian
1MtV2w9MLBsBpNMc5ZDg7F6TLbdmW3w5PM,Uncle Mike
1MvFhQdJCZ94eq17vt4SKb4YnGbaVLjaXw,AbstractUnknown
1MvSg9rY8EMGfzcpAxtRSd7AddkvR3ZYrn,dankfren
1Mw5Eh9UViprTdR4hsj46em17sJf5z9cNf,NunoCosta_PT
1MwGHzUm3gjb8S4EHhaGKDf1L6rNRugrE2,Elvisdear
1MWKi9hhNyf7pJYHj8gnTJdks5DDL8Jjfx,scuba
1MX2kfSP5qspDcWiDg15M95PQrYityYG52,L_vs_D
1MxNAYjrCEYLnsTYSYmszBV5mSFMW4oMWE,Mx Fajar Jr
1MZ3sJmMiR5tiGGHgVT6aAuqrcLqR6B1sh,Aliefd
1MZzD4kp3BMAkYTTCKb51nzRKtfz7o1djc,PepeKunta
1N1JG4AoxfnR7K6AdyE3qAnoEd4PqdCtm3,Glen
1N2JRS8ZgCqE3h3KvKEdtYj3UqkRmDMZ8u,Melih Polat
1N7UJkMLasXtSKBBpopNExfzuQyzp7SaRG,Rydes
1N8CMtgZanyS5nQYQRwwRjmjDGErjfcXqr,Indelible and WetPotatoBrain
1NAh1QYJauSAvaZj9a2DHZWNbDHZUzrbyg,EclecticMethod
1Nc1rdSDBZ9GUX5TmghYWJuU6E32MEF7X3,Nimzobit
1NDLa9HG3WsBuzn1x6RyPBHNipUHLyaE2h,Davinci9
1NfgXfJ5HHpQ2VktmX6vPjCtn5imUbUoZ9,RYR
1NgFpptrUo7qMr5iCRWCvQ8mYqSMzXsdM1,Art GarPUNKel
1Nh4tPtQjHZSoYdToTF7T3xbaKrTNKM3wP,MandelDuck
1Nisitqpm78SatFZNMjVQqddd1EhVAZsmm,Sick Lost Goodie
1NiX9WfFFZFrQUvD4JqHvq6WoE56iziFFN,mnl classic
1NjGuWGwoU1DPXWwnEJXxZmayx3ZeBR8Sh,CRIME BREAKFAST
1NkMG1XNbBckawicp3JEfE2sSsDwjtSfBv,YOBOBOB
1NmFayahhAVC9qiaqtjtv26ed2g8EmyhL1,Tj0
1NNjrbKctGaykYGfX3u14Hi9tUuXvwQRdY,DanDarkPill
1NnjxASDJc32UHy6ktPt1MwSJMpoGSUorG,Mr Hansel
1NpB5An4hxqd95wqaFSxcYcqBm98bpxdKk,JSky
1NqVYmkpVe4i4dxPX7uTCoDkbCnARBEh3L,VIVALAVANDAL x ShowerShoes
1NRkzXHap1kHfphMWB2uWLQ95VofRsztAN,Kevo-B
1NRtcyeDsgUUuxCRERcWgnDDYDod1DPDxA,BoysClubx
1NtD8MnVzuWU7Cynice2a3Gf4aFyZ1NXMJ,FORD
1NVVLyy745iW4gYXHTSg9uHfTjScE82VT,Jose Burrito
1NwCmg8gZW7KykrA7mX16zugNZZuckPg5o,Alth0tas x Regan
1NwHzD5EG1yjDbS2cto4r7fjp2CVwC85sz,Cyph3rpunk5
1NWujbh6Nt3JtsnYCKsxrqeKubgH4s9L1m,Hesher
1NxNWgw8Mgk2uiLzLtr5GtGGtqxp8NEKBP,bitmurf
1NYVx9jro8UgfLZPB1u2tWJkpAzd6Ww8Th,Zeroverse
1NzDQ7HLm6PqJ2Wy6jEKMT7Zw1UbtjUV5a,FRIENDS WITH YOU
1NZy2TZyEiG1GGRs5ZDQLntC9FQup6uaQB,Shingo
1o11ieB7nWMeazFdXxTVvpqBFQET3JhdS,HOODEDPEPE
1P3KQWLsTPXVWimiF2Q6WSES5vbJE8be5i,Kero
1P3VN3mZdmrmvEZVeYWhjw1KYspjMcGUn5,BigKekowski
1P5R2bfEGypNjji55yucojTZQKsRjrtUfF,FourLeafClover
1P7SQikMnHLnbHFKfJuEP3vpyq8KSeMYKe,TLeavs
1PcN9vQnFdbqnEeqgLWa82zwLWbPDnshxB,Melk and Pepe De Medici
1PDq6VGj5dG26Hi28kmYfntT8waLZDutC1,Harold Harambe
1PEP6GtjNfh3PrwWGHeJWnp1KNFMsT1sT2,Mj_rivaldi
1PfsKEpXtb2VEtBkYkbqSEQwagZTJcXMFv,trisant
1Pgn4ivWZg36uqQE9rn4eHwGX2V7wNNgyL,JMarls
1Ph11drSBRhuMkhD9gBiCB1QXRqsf4R9Qb,Johnny Dollar
1PHEyBJPpQsRFXWGkXFaUPhP8JA7GVUs6r,Al
1PiDJugJgrVb4cNGFUS4rzFPoBq3SUdmTG,Pepe de medici
1PJBvrSwoxRYWBzeT48dpBtej45F6jkjHR,PEPEPES
1PJF98aKENVxrXJ6zmgWDkiSpBCFu2XaEt,CriptoLuis
1Pjh4hfHQCzs3o5wocdMSECFAhPkGDAJ5B,Amarin
1PJmJ7UGdeenX5xoHqn1EtWwe582BMCDuN,RubenBigQ
1PJxG1RpEzZxCaoYvsvAZ7vHe5UR4AJpcn,Artnome
1PKNiDPbPANb4SHAF9vbho9NQE4nCz5G5g,JackKaido
1PoC8uPYhRsZnVqAC2dZBeAJAgnLUFxVVA,Soul Power
1Pp4CNXUuYU4rAtymZC1hL13gL4jZoEQ98,Yoni Terenzi
1Pp8eeNmnZwefHMdv5HywRa5jJGdortzv3,fakesatoshi
1PPhzhBU4KZzEr6m76uF6LRxgT3rEfJHup,TooSweet
1PQvEgAv7LsjbBKdWDemmoWG8bAWXULUZ3,Nipdog
1Ps3Vcsu7RBgiax7PGCCspbFgK6cb571aM,AbstractUnknown
1PT2gsn65Xi16SBsTsX2PpgPvdRfEcT5J5,Flepergebet
1PTarsv78T1emn5KVhwSibwbyyPJYcPAW6,ALG
1PTvkCjyXE3z3i2CdvdshFL2UEAYCJsdPi,Phake
1PTXesB4Fdnfw71CNosavrQYPQWfQKwR1f,Asgardtek
1Pu7N2quKM9sPKaTyiq1x4yfq4X73Rfk8T,Fake Annie
1PUhw9fxKjyK4SfYpvKWi2ty7GyH5fUGMH,XWAVE
1PvjxtzgBNN5CHfztVpx78Bg5dXriLpccj,Aera One
1PvNLtE3EwpW7T4tZiq8fNyTBti1ucgV8n,WomanNFT
1PwHhb2RaRUe6uY1bNQygw5vnfzgeQUVfw,Aravan
1Py8zF31cpbF6TFRZSMAAucVCStUrjbd8y,WetPotatoBrain
1PZPdxAadESLt8iCA9okaXHhnqV49yARxc,Crabmike
1Pzyh5BjmBqapy6Hfe3QP9JohQ5oBNBwti,Maya
1Q2Vgxpvx6L9nf9evy2FHjAZWKG2J3TuaQ,Japepeneseman
1Q5RMGBu65zURuVvGMuF57BkW1Z7KyvLMH,ICQPEPE
1Q5vJGG1xE1MUBW5uwa5EW2HysnStsKtAn,JOE ATANG
1Q78mxue4oG7KWdqBSPqTnjLdFSsUcvBb1,Hilman
1Q7iQ7ARTg7tv7U3N1cCt9yWEQWwJs9z4,AD_AD
1Q8xeaajaHyehVu3UB9vWHzi8SgrrQKH4h,Val3t
1QBNenpecZj9f8mwDhKyToZRmHUwxvYfR7,crypto hunks
1QCaMhhEuzvD3QJztZzqrYUuprCBHb32tx,The Art District'86
1QCBhbxKhTXHdQpKo7ubzWftmYcjcqFG3Q,Tizar Berandalan
1QD2SnJnhn39qpDSD8paj1UHSAvJFKmNB6,Nimzobit
1QJscvNwGc9R4V2212GxJxLeSRUGBbEH35,Regan
1QK4kD7pHQdE2EKHf6d83CsQ3SCHxDT2YH,p0urycream
1QKCtLV2TGHsW8FgTxTi42xRGmHNGRehJe,JAMEX
1QKj8LVqxbCVBAvaogigxcpoCooGYMePPm,Other World
1QKREDuKGtNEf3FNaZYHxP63jZC6chAJRD,DaveCorp
1rjsjkAMYWN2xvsWUSbhFnyThGXKBLrMu,GoingPepe100
1RqQsJYnEEA2XybXXfzs6quexLeRYvzwJ,Justin
1S9MKvgix2f5RrAjkugkncNDr6nwUi2NZ,SBVRT
1SjLGeDhWAAmPJ9qA1jNkYioVsGKEjWw5,Bryan Brinkman
1SRNdEJoWkXBKUH4ZLAyEAgWqkNDVgJhz,John Power
1Stex65jhC9x8GD7yzNYr7czqCQjsMH1p,SteveWeave
1trXrbPYZavDAAiWCqtuyg5whyQJtjtho,Eva
1UmQboksWwsRujd2uPQJWAL1ngzrasqur,PepEdward Hopper
1upFtuDuTFqDqcsHnXbVJ2p6TTukDyZz6,Ditz
1VH3cwYrqLnipUFAGakw2rvAR245RTW1L,GZETH
1WTGrY7cinAbtD31wRHpVk1TSpXCbQvGh,Marijuana Man
1WweVUK8kLmSNt6yKKqwVxch3Z7Lw5HAY,Alth0tas
1xigk9wdUqwg4vc3XEwgN7hCyf3NLCp1q,Frog Boy
1Y9YrdmRqbn7QV1bo8m6fdvMvLV8u2MXG,Boost
1ye1EaLcArtidUSqATkkgzCS4Fj2D4Gpe,Aristophanes
1YkH35tkGmzUcSShnGsNNtfZ5g7CNxKXX,ZETRA x PurpleDrank7855
1Z9M9X2Xt32R9agknVdUYWj6bmmB5Ey1r,Elispri
bc1q0ev0urmaa95nm5wf9u9kflylkuap3zs3m5zxep,bloggercat
bc1q2qauufhzkrmwkndskgq8m4c4w74a5agjucsuaw,Bsig
bc1q3r7aht0ujfmm8k0zj0fcusdmgcx5kvmavud3ud,4dots
bc1q5yumlmlx7pjj0670msx9h526dw5twfvjrsw2zw,panda
bc1q6gr34atz4xvftjem377qe4w9sm3rscdp3end0p,Satoshi
bc1qd3rzqcxnvl6d7c6jafvt0ny4kr0q63p85qhhky,PinguOfficial
bc1qev7pekk2vpl3nf3s4x6lcymraale3y76a4y472,75SW
bc1qh0z7c5sn6h2rc7slmldk28578kp08qyugxdw7f,HEX
bc1qhdpw2v5ws6a5nzghju8egpfjpmhasqxe36rz3q,stampson
bc1qk8pd3puelv6nrxat73nyzns8yt467rygmqgcl4,AKATSUKI
bc1qkmzsx8hge60gxuzmr5tp94fdthy894ewrycupk,carrie
bc1qlal5va7me7slmsdfvstnx2lgvxcl00ss9jjh8p,VeryRareFren
bc1qn3l2l79fyyl2q0yjhm85525hqvpjhvsrqpppxz,AlthOtas
bc1qrcm8j28tlavzrfhgu03ykfqa9dylv2qs7s77kz,7imeless
bc1qsu4m8th6hz7xmsc75gqwgzvxxv6698svrpu4u6,bitcoin8
bc1qsue796tm2tk6zqu5jtgxgh2dppqnny90pvzz6t,cryptachu
bc1qt7n7xjn0qacpt6dtns3msy9gkps93znhulf8eg,FRAKAMOTO
bc1qtc8f6m063l67ke0e0vuuvllv2s0t3j850m6gsx,Deth Reaper
bc1quzpx2z4rv4r7x00u28kr0qy2mf6hzl3r8d944z,Hospitality Monkey Coin
bc1qw89wvqua5pxlh7ev7kcxhd8s55gyh7h436ju55,Punk Lee
bc1qx37ckwpy34p8023tnx60tm4mr44g4ddzlw23t6,jason
bc1qxmh44dhq6gprnawed78lm56cwqk2uqs0lhplq7,Dunco
bc1qxud5f6a4zveqq7d9mlnt6rpck7putp9cwjk54q,Frenless
bc1qygty6d8k309pgpavcavetacsr3xp50vkk7fqqv,geek
bc1qyvzg5fz0qtyz0vvuzqlrq6xx3mq7h2t8hjww2n,the pixel gods
bc1qzaghjfwta53cx3puqaamvv6356c749er660hd8,Gus Grillasca
bc1qzcm54337frk5nhrcwg9rat0y9gettfsfad0vck,Boost
